dimensions,num_beds,num_baths,house_type,city,location,area_block,description,url,price
"2,500 sqft",3,3,Apartment,Dhaka,Gulshan,Gulshan 2,With An Awesome Environment A 2500 Sq Ft Flat Is Vacant For Rent In Gulshan 2,/en/property/details-3806614.html,100000.0
"3,500 sqft",4,4,Apartment,Dhaka,Gulshan,Gulshan 1,Establish Your Peace In This Nice 3500 Sq Ft Apartment For Rent At Gulshan 1,/en/property/details-3859227.html,110000.0
"2,000 sqft",3,3,Apartment,Dhaka,Gulshan,Gulshan 2,Fairly Large Apartment Of 2000 Sq Ft Is Ready For Rent In Gulshan 2,/en/property/details-3431811.html,70000.0
"2,700 sqft",3,3,Apartment,Dhaka,Gulshan,Gulshan 1,Experience The Ultimate Luxury Lifestyle Here In This 2700 Sq Ft Flat At Gulshan 1,/en/property/details-3428883.html,75000.0
"3,000 sqft",4,4,Apartment,Dhaka,Gulshan,Gulshan 1,3000 Sq Ft An Elegant Apartment Is Up For Rent At The Prime Location Of Gulshan 1,/en/property/details-5234200.html,100000.0
"2,900 sqft",3,4,Apartment,Dhaka,Gulshan,Gulshan 2,A worthwhile 2900 SQ FT residential flat is ready for rent at Gulshan,/en/property/details-3092580.html,80000.0
"1,800 sqft",3,3,Apartment,Dhaka,Gulshan,Gulshan 2,A 1800 SQ FT very reasonable medium flat is available for rent at Gulshan,/en/property/details-4941610.html,45000.0
"3,000 sqft",4,4,Apartment,Dhaka,Gulshan,Gulshan 2,Let Us Show You This 3000 Sq Ft Apartment For Rent In Gulshan 2,/en/property/details-3069858.html,110000.0
"3,500 sqft",4,4,Apartment,Dhaka,Gulshan,Gulshan 2,We Would Like To Present You A Beautiful 4 Bedroom Flat For Rent In Gulshan 2,/en/property/details-3030235.html,250000.0
"2,350 sqft",3,3,Apartment,Dhaka,Gulshan,Gulshan 1,Make this 2350 SQ FT rental family residence yours located at Gulshan,/en/property/details-3059031.html,55000.0
"2,500 sqft",3,3,Apartment,Dhaka,Gulshan,Gulshan 2,Days Would Be Better Now In Your High-rise 2500 Sq. Ft Apartment At Gulshan 2 With Golden Dawns And Lilac Dusks.,/en/property/details-3069123.html,75000.0
"3,000 sqft",4,4,Apartment,Dhaka,Gulshan,Gulshan 1,3000 Sq Ft Apartment With Wonderful Home Services For Rent In Gulshan 1,/en/property/details-3059754.html,120000.0
"3,000 sqft",4,4,Apartment,Dhaka,Gulshan,Gulshan 1,"Make This 3000 Sq Ft Apartment Your Next Residing Location, Which Is Up To Rent In Gulshan 1",/en/property/details-4417413.html,110000.0
"3,100 sqft",3,4,Apartment,Dhaka,Gulshan,Gulshan 1,A Convenient And Well-constructed 3100 Sq. Ft Flat Is For Rent At Gulshan 1.,/en/property/details-3069203.html,100000.0
"2,000 sqft",3,3,Apartment,Dhaka,Gulshan,Gulshan 2,A Full Furnished And Finely Built 2000 Sq Ft Flat Is Up For Rent In Gulshan 2 Nearby Embassy Of North Korea,/en/property/details-3092370.html,75000.0
"2,350 sqft",4,4,Apartment,Dhaka,Gulshan,Gulshan 2,2350 Sq Ft Apartment With A Splendid Design Is For Rent In Gulshan 2,/en/property/details-3485646.html,80000.0
"3,360 sqft",4,5,Apartment,Dhaka,Gulshan,Gulshan 1,3360 Sq Ft Apartment For Rent In Gulshan-1 With A Modern Interior And Nice Fittings,/en/property/details-3921029.html,150000.0
"2,250 sqft",3,3,Apartment,Dhaka,Gulshan,Gulshan 1,Come And Grab This Exclusive Apartment For Rent In Gulshan 1 Near Gulshan Old Post Office,/en/property/details-3072226.html,75000.0
"2,300 sqft",3,3,Apartment,Dhaka,Gulshan,Gulshan 1,A relaxing 2300 SQ FT flat is up for rent at Gulshan with a very low price,/en/property/details-5053087.html,150000.0
"2,450 sqft",3,3,Apartment,Dhaka,Gulshan,Gulshan 2,Experience The Ultimate Luxury Lifestyle Here In This Flat for Rent in Gulshan,/en/property/details-3069649.html,100000.0
"2,500 sqft",3,3,Apartment,Dhaka,Gulshan,Gulshan 1,"Looking For A Tasteful Home To Rent In Gulshan 1, Check This One",/en/property/details-3071136.html,90000.0
"2,170 sqft",3,3,Apartment,Dhaka,Gulshan,Gulshan 1,Check This Residential Apartment In Gulshan 1 For Rent Which Is Ready To Move In,/en/property/details-3060000.html,80000.0
"3,500 sqft",4,4,Apartment,Dhaka,Gulshan,Gulshan 2,The Essential Approaches Of A Modern Lifestyle Is Being Offered By This Flat To Rent,/en/property/details-3156315.html,250000.0
"2,100 sqft",3,3,Apartment,Dhaka,Gulshan,Gulshan 1,"Perfect For A Family Home, This Apartment Of 2100 Sq Ft Is Up For Rent In Gulshan 1",/en/property/details-3410895.html,60000.0
"2,000 sqft",3,3,Apartment,Dhaka,Gulshan,Gulshan 2,2000 Sq Ft Residential Apartment For Rent At Gulshan 2,/en/property/details-3068308.html,65000.0
"2,350 sqft",3,3,Apartment,Dhaka,Gulshan,Gulshan 2,Find Your Desired Apartment At This Ready 2350 Sq Ft Furnished Flat For Rent At Gulshan 2,/en/property/details-3963164.html,80000.0
"2,600 sqft",4,4,Apartment,Dhaka,Gulshan,Gulshan 1,A convenient 2600 SQ FT residential home is prepared to be rented at Gulshan,/en/property/details-3071749.html,250000.0
"2,600 sqft",4,4,Apartment,Dhaka,Gulshan,Gulshan 1,2600 Sq Ft Apartment Is Available For Rent In Gulshan,/en/property/details-3071751.html,250000.0
"2,600 sqft",4,4,Apartment,Dhaka,Gulshan,Gulshan 1,2600 Sq Ft Nice Apartment For Rent At Gulshan 1,/en/property/details-3071759.html,250000.0
"2,600 sqft",4,4,Apartment,Dhaka,Gulshan,Gulshan 1,Beautiful 2600 Sq Ft Apartment For Rent At Gulshan 1,/en/property/details-3071757.html,250000.0
"2,600 sqft",4,4,Apartment,Dhaka,Gulshan,Gulshan 1,2600 Sq Ft Furnished Apartment For Rent At Gulshan 1,/en/property/details-3071753.html,250000.0
"2,600 sqft",4,4,Apartment,Dhaka,Gulshan,Gulshan 1,2600 Sq Ft Apartment For Rent At Gulshan 1,/en/property/details-3071755.html,250000.0
"2,350 sqft",4,4,Apartment,Dhaka,Gulshan,Gulshan 1,A well-featured rental 2350 SQ FT residential property is ready for you to own at Gulshan,/en/property/details-3310556.html,80000.0
"2,750 sqft",3,3,Apartment,Dhaka,Gulshan,Gulshan 2,Sophisticated Style! This 2750 Sq. Ft Flat For Rent In Gulshan 2 Is All About It .,/en/property/details-5291209.html,100000.0
"2,700 sqft",4,4,Apartment,Dhaka,Gulshan,Gulshan 1,2700 Sq Ft Apartment Is Available For Rent In Gulshan,/en/property/details-3070974.html,100000.0
"2,340 sqft",3,3,Apartment,Dhaka,Gulshan,Gulshan 1,Residential Apartment For Rent Of 2340 Sq Ft At Gulshan,/en/property/details-3427470.html,130000.0
"3,900 sqft",4,4,Apartment,Dhaka,Gulshan,Gulshan 2,Well Fitted Flat Is Here Available For Rental Purpose Covering 3900 Sq Ft Space In Gulshan 2,/en/property/details-5253665.html,250000.0
"1,800 sqft",3,3,Apartment,Dhaka,Gulshan,Gulshan 1,1800 Sq Ft Apartment Is Up For Rent In Gulshan,/en/property/details-3230838.html,70000.0
"2,488 sqft",4,4,Apartment,Dhaka,Gulshan,Gulshan 1,A Dazzling 2488 Sq Ft Residential Property Is Up For Rent Located At Gulshan 1,/en/property/details-3058470.html,85000.0
"2,288 sqft",4,4,Apartment,Dhaka,Gulshan,Gulshan 1,A proper 2288 SQ FT residence is prepared to be rented at Gulshan 1,/en/property/details-3058466.html,75000.0
"3,715 sqft",4,4,Apartment,Dhaka,Gulshan,Gulshan 2,A Nicely Constructed Apartment Of 3715 Sq Ft Is Available Right Now For Rent In Gulshan 2,/en/property/details-3373892.html,225000.0
"2,800 sqft",4,4,Apartment,Dhaka,Gulshan,Gulshan 2,Excellent Flat Of 2800 Sq Ft Is All Set For Rent In The Fine Location Of Gulshan 2,/en/property/details-3059517.html,125000.0
"2,800 sqft",4,5,Apartment,Dhaka,Gulshan,Gulshan 2,We Bring You An Excellent Flat Of 2800 Sq Ft For Rent In Gulshan 2,/en/property/details-3059518.html,125000.0
"2,200 sqft",3,3,Apartment,Dhaka,Gulshan,Gulshan 1,2200 Sq Ft Apartment Is Up For Rent At Gulshan 1,/en/property/details-3059478.html,55000.0
"2,250 sqft",3,4,Apartment,Dhaka,Gulshan,Gulshan 1,Tastefully Designed this 2250 SQ FT home is now vacant for rent in Gulshan,/en/property/details-3211284.html,70000.0
"4,400 sqft",4,4,Apartment,Dhaka,Gulshan,Gulshan 2,A Calming 4000 Sq Ft Home Is Up At Gulshan At A Very Low Price,/en/property/details-5251202.html,300000.0
"2,200 sqft",3,3,Apartment,Dhaka,Gulshan,Gulshan 2,Lovely Apartment Of 2200 Sq Ft Is Up For Rent In Gulshan 2,/en/property/details-3487990.html,90000.0
"3,500 sqft",4,4,Apartment,Dhaka,Gulshan,Gulshan 1,3500 Sq Ft Apartment Is Now Vacant To Rent In Gulshan,/en/property/details-4393924.html,250000.0
"3,680 sqft",3,4,Apartment,Dhaka,Gulshan,Gulshan 1,"In the Prominent Location Of Gulshan 1, This Beautiful Apartment Is Waiting For Rent",/en/property/details-3376701.html,200000.0
"2,400 sqft",3,3,Apartment,Dhaka,Gulshan,Gulshan 1,Your Desirable Cozy House Is For Rent In Gulshan 1 With Satisfactory Price.,/en/property/details-3068570.html,90000.0
"2,200 sqft",4,4,Apartment,Dhaka,Gulshan,Gulshan 2,"Well Built And Properly Designed Residential Flat Of 2200 Sq Ft In Gulshan 2 For Rent, Near Westin Hotel",/en/property/details-1731576.html,75000.0
"3,650 sqft",4,4,Apartment,Dhaka,Gulshan,Gulshan 2,View This 3650 Sq Ft Apartment For Rent At Gulshan,/en/property/details-3070053.html,250000.0
"2,600 sqft",4,4,Apartment,Dhaka,Gulshan,Gulshan 2,Well Developed Residential Property Is Available To Rent In Gulshan 2 With Satisfactory Price.,/en/property/details-3314026.html,100000.0
"3,000 sqft",4,4,Apartment,Dhaka,Gulshan,Gulshan 2,Live In This Well Designed Flat Of 3000 Sq Ft Which Is Up For Rent In Gulshan 2,/en/property/details-5133708.html,150000.0
"3,000 sqft",4,4,Apartment,Dhaka,Gulshan,Gulshan 2,Express Your Individuality At This 2600 Sq. ft Apartment Which Is For Rent In The Location Of Gulshan 2 Near To Gulshan Club.,/en/property/details-3069351.html,125000.0
"3,000 sqft",2,4,Apartment,Dhaka,Gulshan,Gulshan 2,3000 Sq Ft Apartment Is Up For Rent At Gulshan 2,/en/property/details-3228768.html,200000.0
"3,343 sqft",3,4,Apartment,Dhaka,Gulshan,Gulshan 1,Luxury All Around In This 3343 Sq. Ft Gulshan 1 Flat Which Is Near To Singapore School Kinderland.,/en/property/details-3069198.html,140000.0
"3,000 sqft",4,4,Apartment,Dhaka,Gulshan,Gulshan 2,"Start Living In This Nice Flat Of 3000 Sq Ft Located At Gulshan 2, Is Vacant For Rent",/en/property/details-5133707.html,135000.0
"2,000 sqft",3,3,Apartment,Dhaka,Gulshan,Gulshan 2,Well Facilitated &amp; Beautiful 2000 Sq Ft Residence Is Ready To Rent In Gulshan 2,/en/property/details-3092484.html,100000.0
"1,800 sqft",2,2,Apartment,Dhaka,Gulshan,Gulshan 2,Excellent Flat Of 1800 Sq Ft Is All Set For Rent In The Fine Location Of Gulshan 2,/en/property/details-3069723.html,85000.0
"3,200 sqft",3,3,Apartment,Dhaka,Gulshan,Gulshan 1,A Very Impressively Furnished 3200 Sq Ft Rental Residential Flat Is In The Center Of Gulshan 1,/en/property/details-3824918.html,160000.0
"2,550 sqft",3,4,Apartment,Dhaka,Gulshan,Gulshan 2,Startling Apartment Covering An Area Of 2550 Sq Ft Is Ready For Rent In Gulshan 2,/en/property/details-5103625.html,150000.0
"2,550 sqft",3,3,Apartment,Dhaka,Gulshan,Gulshan 2,"Looking For A Lovely 2550 Sq Ft Residence To Rent In Gulshan 2, Check This One.",/en/property/details-3068704.html,130000.0
"2,500 sqft",3,3,Apartment,Dhaka,Gulshan,Gulshan 2,Well Decorated &amp; Fully Furnished 2500 Sq Ft Flat Is Up For Renting Purpose In Gulshan 2,/en/property/details-3092640.html,90000.0
"5,800 sqft",4,4,Apartment,Dhaka,Gulshan,Gulshan 2,A Stunningly Luxurious and Furnished Residence is Available to be Rented in Gulshan-2,/en/property/details-3243608.html,650000.0
"2,200 sqft",3,3,Apartment,Dhaka,Gulshan,Gulshan 2,High Quality Living Space Of 2200 Sq Ft Is Now Available For Rent In Gulshan 2,/en/property/details-3060191.html,70000.0
"2,250 sqft",3,3,Apartment,Dhaka,Gulshan,Gulshan 2,Wonderful Flat Covering An Area Of 2250 Sq Ft Is Available For Rent In Gulshan 2,/en/property/details-3238405.html,80000.0
"2,800 sqft",4,4,Apartment,Dhaka,Gulshan,Gulshan 2,Be the dweller of this nice 2800 SQ FT residential property vacant for rent at Gulshan 2,/en/property/details-3030692.html,170000.0
"3,715 sqft",4,4,Apartment,Dhaka,Gulshan,Gulshan 2,This 4 Bedroom Suitable Semi Furnished Residential Place For You Waiting To Be Rented At Gulshan 2.,/en/property/details-3373893.html,200000.0
"1,850 sqft",3,3,Apartment,Dhaka,Gulshan,Gulshan 2,Gulshan 2 Gives You A 1850 Sq Ft Apartment For Rent,/en/property/details-3069994.html,60000.0
"2,000 sqft",3,3,Apartment,Dhaka,Gulshan,Gulshan 2,"2000 Sq Ft In Total Nice Flat That You Have Been Looking For, This Flat For Rent Is Located Gulshan 2",/en/property/details-4207754.html,90000.0
"2,250 sqft",3,3,Apartment,Dhaka,Gulshan,Gulshan 2,"An Impressive 2250 Sq. Ft Flat Is Ready For Rent At Gulshan 2, Near Z H Sikder Women's Medical College &amp; Hospital.",/en/property/details-5001602.html,60000.0
"3,500 sqft",4,4,Apartment,Dhaka,Gulshan,Gulshan 1,"3500 SQ FT road sided apartment for rent in Gulshan, Road No 117",/en/property/details-4379887.html,100000.0
"2,400 sqft",3,3,Apartment,Dhaka,Gulshan,Gulshan 1,A Convenient 2300 Sq Ft Residential Apartment Is Prepared To Be Rented At Gulshan 1,/en/property/details-3092248.html,70000.0
"2,500 sqft",3,3,Apartment,Dhaka,Gulshan,Gulshan 2,"Prominent Location Of Gulshan 2, A Beautiful Three Bedroom Apartment Is Waiting For Rent",/en/property/details-3068268.html,110000.0
"1,750 sqft",3,3,Apartment,Dhaka,Gulshan,Gulshan 2,This Full Furnished Flat In Gulshan 2 With A Convenient Price Is Up For Rent,/en/property/details-2085744.html,100000.0
"3,000 sqft",3,4,Apartment,Dhaka,Gulshan,Gulshan 2,Find 3000 Sq Ft Nice Apartment Available To Rent In Gulshan 2,/en/property/details-2083508.html,150000.0
"3,000 sqft",3,4,Apartment,Dhaka,Gulshan,Gulshan 2,Find 3000 SQ FT nice apartment available to Rent in Gulshan,/en/property/details-2083507.html,150000.0
"3,500 sqft",4,4,Apartment,Dhaka,Gulshan,Gulshan 2,"In A Peaceful Location Of Gulshan 2, A Fantastic Flat Of 3500 Sq Ft Is Waiting For Rent.",/en/property/details-2081650.html,250000.0
"2,100 sqft",3,3,Apartment,Dhaka,Gulshan,Gulshan 2,An Excellent Apartment Of 2100 Sq Ft Is Waiting To Be Rented In Gulshan 2,/en/property/details-2075861.html,75000.0
"2,250 sqft",3,3,Apartment,Dhaka,Gulshan,Gulshan 2,A Dazzling Apartment Of 2250 Sq Ft Is Up For Rent In Gulshan 2,/en/property/details-2065092.html,85000.0
"1,800 sqft",3,3,Apartment,Dhaka,Gulshan,Gulshan 2,An Artistic Apartment Of 1800 Sq Ft Is Waiting For Rent In Gulshan 2,/en/property/details-2065108.html,55000.0
"2,300 sqft",4,4,Apartment,Dhaka,Gulshan,Gulshan 2,"Start A New Home, In This 2300 Sq Ft Flat For Rent In Gulshan 2",/en/property/details-2065110.html,65000.0
"2,300 sqft",4,4,Apartment,Dhaka,Gulshan,Gulshan 2,"Comfortable, Convenient And Well-constructed 2300 Sq. Ft Flat Is Ready For Rent At Gulshan 2 Nearby Gulshan Central Masjid .",/en/property/details-2065111.html,60000.0
"2,240 sqft",3,3,Apartment,Dhaka,Gulshan,Gulshan 2,"Make This Amazing 2240 Sq Ft Flat Your Next Residing Location, Which Is Up For Rent In Gulshan 2 Near By Bangladesh International Tutorial, Middle School.",/en/property/details-2063386.html,65000.0
"2,600 sqft",4,4,Apartment,Dhaka,Gulshan,Gulshan 1,A Posh Flat For Rent In Gulshan Close To United Commercial Bank Limited Head Office,/en/property/details-1910852.html,60000.0
"4,500 sqft",4,4,Apartment,Dhaka,Gulshan,Gulshan 1,Elegant Residential Apartment Covering An Area Of 4500 Sq Ft Is Ready For Rent In Gulshan 1,/en/property/details-2062062.html,250000.0
"3,000 sqft",4,4,Apartment,Dhaka,Gulshan,Gulshan 2,Check This Fine Looking Residence Of 3000 Sq Ft Offered For Rent In Gulshan 2,/en/property/details-2056914.html,200000.0
"1,700 sqft",3,3,Apartment,Dhaka,Gulshan,Gulshan 2,Get Comfortable In A 1700 Sq Ft Nice Flat For Rent In Gulshan 2,/en/property/details-2043530.html,40000.0
"2,400 sqft",3,3,Apartment,Dhaka,Gulshan,Gulshan 2,2400 SQ FT apartment is now Vacant to rent in Gulshan 2,/en/property/details-2042420.html,70000.0
"3,000 sqft",4,3,Apartment,Dhaka,Gulshan,Gulshan 2,"Built With Great Floor Plan This 3000 Sq Ft Fully Furnished Flat Up For Rent At Gulshan 2, Is Ready For You To Move In",/en/property/details-2027837.html,200000.0
"1,850 sqft",3,3,Apartment,Dhaka,Gulshan,Gulshan 2,A Ready 1850 Sq. ft Apartment For Rent In Gulshan 2 Near Manarat Dhaka International School &amp; College.,/en/property/details-2027179.html,60000.0
"2,600 sqft",3,3,Apartment,Dhaka,Gulshan,Gulshan 2,"Make this 2600 SQ FT flat your next residing location, which is up to Rent in Gulshan",/en/property/details-2026279.html,90000.0
"2,200 sqft",3,4,Apartment,Dhaka,Gulshan,Gulshan 2,2200 Sq Ft Luxurious Apartment Is Ready For Rent In Gulshan 2 Near Gulshan Police Station,/en/property/details-2023675.html,97000.0
"3,740 sqft",4,5,Apartment,Dhaka,Gulshan,Gulshan 2,Plan to move in this 3740 SQ FT flat which is up to Rent in Gulshan,/en/property/details-2022522.html,220000.0
"2,000 sqft",3,3,Apartment,Dhaka,Gulshan,Gulshan 2,An Aesthetic Apartment Of 2000 Sq Ft Is Ready To Rent In Gulshan 2 Near Pink City,/en/property/details-2017032.html,110000.0
"2,409 sqft",3,3,Apartment,Dhaka,Gulshan,Gulshan 1,Fully Furnished Apartment Of 2340 Sq Ft Is Available For Rent In The Most Prime Location Of Gulshan 1,/en/property/details-2015193.html,120000.0
"3,500 sqft",4,4,Apartment,Dhaka,Gulshan,Gulshan 2,"An Apartment Is Up For Rent At Gulshan, Near International Club",/en/property/details-2013726.html,130000.0
"2,300 sqft",3,4,Apartment,Dhaka,Gulshan,Gulshan 1,2300 Sq Ft Fully Furnished Flat Is Up For Rent In Gulshan 1 Nearby Gulshan Post Office.,/en/property/details-2012798.html,100000.0
"3,000 sqft",3,3,Apartment,Dhaka,Gulshan,Gulshan 1,Have A Look At This 3000 Sq Ft Property Which Is Up For Rent Located At Gulshan 1,/en/property/details-2011189.html,70000.0
"2,100 sqft",4,4,Apartment,Dhaka,Gulshan,Gulshan 2,2100 Sq Ft Vacant Flat For A Family Is Ready For Rent At Gulshan 2 Close To United Hospital,/en/property/details-2010616.html,100000.0
"2,500 sqft",3,3,Apartment,Dhaka,Gulshan,Gulshan 1,Grab This Lovely Flat For Rent In Gulshan 1 Before It's Rented Out,/en/property/details-2009651.html,120000.0
"2,750 sqft",4,4,Apartment,Dhaka,Gulshan,Gulshan 1,2750 Sq. Ft Full Furnished Apartment For Rent In Gulshan Near Gulshan Post Office,/en/property/details-2008983.html,90000.0
"2,575 sqft",3,3,Apartment,Dhaka,Gulshan,Gulshan 2,2575 Sq Ft Flat Is Now Available To Rent Nearby City Bank In Gulshan,/en/property/details-2006736.html,100000.0
"3,200 sqft",4,4,Apartment,Dhaka,Gulshan,Gulshan 2,"3200 Sq Ft Remarkable Flat Is Up For Rent In Gulshan 2, Nearby Central Mosjid",/en/property/details-2004552.html,120000.0
"2,500 sqft",3,3,Apartment,Dhaka,Gulshan,Gulshan 2,"A 2500 Sq Ft Beautiful Apartment Is Up For Rent At Gulshan 2, Near Gulshan Park",/en/property/details-1999007.html,100000.0
"3,000 sqft",4,4,Apartment,Dhaka,Gulshan,Gulshan 2,"3000 Sq Ft Beautiful Apartment Is Available For Rent In Gulshan 2, Near Gulshan Azad Mosjid",/en/property/details-1998197.html,160000.0
"2,500 sqft",3,3,Apartment,Dhaka,Gulshan,Gulshan 2,Check This Apartment Up For Rent At Gulshan 2 Near Gulshan Wasa Tank.,/en/property/details-1995332.html,100000.0
"1,950 sqft",3,3,Apartment,Dhaka,Gulshan,Gulshan 2,"A Beautiful Apartment For Rent Is All Set For You In Gulshan 2, Nearby Hongkong And Shanghai Banking Corporation (hsbc)",/en/property/details-1989871.html,60000.0
"2,300 sqft",3,3,Apartment,Dhaka,Gulshan,Gulshan 1,"An Apartment Is Ready For Rent At Gulshan, Near Prime Bank Limited",/en/property/details-1989130.html,60000.0
"2,700 sqft",3,3,Apartment,Dhaka,Gulshan,Gulshan 1,For Rental purpose 2700 SQ FT flat is now up to Rent in Gulshan close to Bank Alfalah Limited,/en/property/details-1986133.html,62000.0
"3,000 sqft",3,4,Apartment,Dhaka,Gulshan,Gulshan 1,"Check This Apartment Up For Rent At Gulshan 1, Near To United Commercial Bank Limited.",/en/property/details-1985403.html,90000.0
"2,500 sqft",3,3,Apartment,Dhaka,Gulshan,Gulshan 2,See This Apartment Up For Rent In Gulshan Near Embassy Of North Korea,/en/property/details-1983972.html,60000.0
"1,800 sqft",3,4,Apartment,Dhaka,Gulshan,Gulshan 2,See This Apartment Up For Rent In Gulshan Near Scholastica School Gulshan,/en/property/details-1981820.html,90000.0
"2,100 sqft",3,3,Apartment,Dhaka,Gulshan,Gulshan 2,"Find Your Desired Apartment At This Ready Flat At Gulshan, Near United Commercial Bank Limited",/en/property/details-1981181.html,60000.0
"2,250 sqft",3,3,Apartment,Dhaka,Gulshan,Gulshan 2,Beautiful And Well-constructed Flat Is Ready For Rent At Gulshan 2 Nearby Z H Sikder Women's Medical College &amp; Hospital,/en/property/details-1980356.html,110000.0
"3,013 sqft",4,4,Apartment,Dhaka,Gulshan,Gulshan 2,A Decent 3013 SQ FT flat which is near to Gulshan Police Station is now to Rent in Gulshan,/en/property/details-1975911.html,150000.0
"3,200 sqft",4,4,Apartment,Dhaka,Gulshan,Gulshan 1,Ready flat 3200 SQ FT is now to Rent in Gulshan nearby Standard Chartered Bank,/en/property/details-1974016.html,100000.0
"2,700 sqft",3,4,Apartment,Dhaka,Gulshan,Gulshan 1,A 2700 Sq. Ft Apartment For Rent Is In Gulshan Close To Gulshan Shopping Center,/en/property/details-1971471.html,55000.0
"2,250 sqft",3,3,Apartment,Dhaka,Gulshan,Gulshan 1,"Residential Apartment Is On Rent In Gulshan 1, Nearby Gulshan Post Office",/en/property/details-1971513.html,50000.0
"1,700 sqft",3,3,Apartment,Dhaka,Gulshan,Gulshan 2,"Near Embassy Of North Korea, Flat For Rent In Gulshan",/en/property/details-1965525.html,70000.0
"4,200 sqft",4,4,Apartment,Dhaka,Gulshan,Gulshan 2,"An Apartment Is Ready For Rent At Gulshan 2, Near Canadian International School.",/en/property/details-1960176.html,260000.0
"3,187 sqft",3,3,Apartment,Dhaka,Gulshan,Gulshan 2,Comfortable And Nicely Planned Flat In Gulshan 2 For Rent Nearby Gulshan Central Masjid,/en/property/details-1959706.html,80000.0
"2,250 sqft",3,3,Apartment,Dhaka,Gulshan,Gulshan 1,"Well Developed Flat Is Up For Rent In Gulshan 1, Nearby Gulshan Post Office",/en/property/details-1955816.html,55000.0
"2,500 sqft",3,3,Apartment,Dhaka,Gulshan,Gulshan 2,"Spacious Apartment Is Ready For Rent At Gulshan 2, Nearby Shahabuddin Medical College And Hospital",/en/property/details-1950193.html,60000.0
"3,000 sqft",4,4,Apartment,Dhaka,Gulshan,Gulshan 2,"At Gulshan 2, Nice Flat Up For Rent Near Gulshan Mosjid",/en/property/details-1948399.html,90000.0
"2,000 sqft",3,3,Apartment,Dhaka,Gulshan,Gulshan 2,"Impressive Flat Is Up For Rent In Gulshan 2, Near Gulshan Central Masjid",/en/property/details-1947072.html,75000.0
"2,000 sqft",3,3,Apartment,Dhaka,Gulshan,Gulshan 2,"An Apartment Is Ready For Rent At Gulshan 2, Near Gulshan Central Masjid (Azad Masjid)",/en/property/details-1946878.html,70000.0
"2,289 sqft",3,3,Apartment,Dhaka,Gulshan,Gulshan 1,"An Apartment Is Ready For Rent At Gulshan 1, Near Baitus Salam Jame Mosjid",/en/property/details-1942435.html,60000.0
"2,600 sqft",3,3,Apartment,Dhaka,Gulshan,Gulshan 2,"An Apartment Is Ready For Rent At Gulshan 2, Near Banani Bidyaniketan School &amp; College",/en/property/details-1938273.html,130000.0
"2,200 sqft",3,3,Apartment,Dhaka,Gulshan,Gulshan 2,"Near City Bank, flat for rent in Gulshan",/en/property/details-1936499.html,80000.0
"4,500 sqft",5,4,Apartment,Dhaka,Gulshan,Gulshan 2,"At Gulshan, flat for Rent close to City Bank",/en/property/details-1932112.html,225000.0
"2,200 sqft",3,3,Apartment,Dhaka,Gulshan,Gulshan 1,"An Apartment Is Ready For Rent At Gulshan 1, Near Sonali Bank Limited.",/en/property/details-1930697.html,50000.0
"2,000 sqft",3,3,Apartment,Dhaka,Gulshan,Gulshan 2,"Check This Apartment Up For Rent At Gulshan 2 Near Banani Bidyaniketan School &amp; College, Road No 96",/en/property/details-1928555.html,70000.0
"2,500 sqft",4,4,Apartment,Dhaka,Gulshan,Gulshan 1,"Near City Bank, A Flat For Rent In Gulshan",/en/property/details-1928068.html,90000.0
"2,300 sqft",4,4,Apartment,Dhaka,Gulshan,Gulshan 1,"An Apartment Is Ready For Rent At Gulshan 1, Near Gulshan 1 DCC market",/en/property/details-1922268.html,60000.0
"2,800 sqft",4,4,Apartment,Dhaka,Gulshan,Gulshan 2,"Elegant Flat For Rent In Gulshan 2, Nearby Gulshan Central Masjid",/en/property/details-1918595.html,250000.0
"2,000 sqft",3,3,Apartment,Dhaka,Gulshan,Gulshan 2,"Obtain Your New Residence At This Flat Up For Rent At Gulshan 2, Nearby Gulshan Police Station",/en/property/details-1917900.html,90000.0
"2,275 sqft",3,3,Apartment,Dhaka,Gulshan,Gulshan 2,"Offering You A Nice Flat For Rent In Gulshan 2, Near Gulshan Central Mosjid",/en/property/details-1917702.html,65000.0
"2,400 sqft",3,3,Apartment,Dhaka,Gulshan,Gulshan 2,"Visit This Flat For Rent In Gulshan 2, Nearby Ysa Commercial Bank Snd Bhd.",/en/property/details-1917219.html,100000.0
"3,800 sqft",4,5,Apartment,Dhaka,Gulshan,Gulshan 2,At Gulshan flat for Rent close to City Bank,/en/property/details-1916751.html,200000.0
"5,400 sqft",4,5,Apartment,Dhaka,Gulshan,Gulshan 2,"An Apartment Is Ready For Rent At Gulshan 2, Near Gulshan Police Station.",/en/property/details-1916559.html,450000.0
"2,350 sqft",3,4,Apartment,Dhaka,Gulshan,Gulshan 2,"Looking For A Nice Flat For Rent In Gulshan, Check This One Which Is 2350 Sq Ft",/en/property/details-1916093.html,80000.0
"2,200 sqft",3,3,Apartment,Dhaka,Gulshan,Gulshan 1,"Grab This Flat Up For Rent In Gulshan 1, Near High Commission Of Malaysia",/en/property/details-1914819.html,60000.0
"2,800 sqft",4,4,Apartment,Dhaka,Gulshan,Gulshan 2,"Ready Flat Is Now For Rent In Dhaka Nearbyready Flat Is Now For Rent In Gulshan 2, Nearby Embassy Of Italy",/en/property/details-1911468.html,110000.0
"2,250 sqft",3,3,Apartment,Dhaka,Gulshan,Gulshan 1,"Visit This Flat For Rent In Gulshan 1, Nearby College Of Nursing",/en/property/details-1910604.html,80000.0
"2,850 sqft",3,3,Apartment,Dhaka,Gulshan,Gulshan 2,Check This Apartment Up For Rent At Gulshan 2 Near Gulshan Central Masjid.,/en/property/details-1909596.html,110000.0
"2,200 sqft",3,3,Apartment,Dhaka,Gulshan,Gulshan 1,"2200 Sq Ft Flat For Rent In Gulshan 1, Close To City Bank Limited",/en/property/details-1908738.html,80000.0
"3,715 sqft",4,4,Apartment,Dhaka,Gulshan,Gulshan 2,A Lavish Lodging In Gulshan Is Vacant For Rent,/en/property/details-1908695.html,200000.0
"3,715 sqft",4,4,Apartment,Dhaka,Gulshan,Gulshan 2,Flat for rent in Gulshan 2 near Pink City,/en/property/details-1908696.html,200000.0
"2,500 sqft",3,3,Apartment,Dhaka,Gulshan,Gulshan 2,An Apartment For Rent Is All Set For You To Settle In Gulshan 2 Close To Banani Bidyaniketan School &amp; College.,/en/property/details-1907837.html,110000.0
"2,000 sqft",3,3,Apartment,Dhaka,Gulshan,Gulshan 2,"An Apartment is up for rent in Gulshan 2, near Embassy of North Korea",/en/property/details-1902745.html,80000.0
"2,200 sqft",3,4,Apartment,Dhaka,Gulshan,Gulshan 2,Flat For Rent In Gulshan 2 Near Gulshan 2 Dcc Market,/en/property/details-1902369.html,60000.0
"1,950 sqft",3,3,Apartment,Dhaka,Gulshan,Gulshan 2,Apartment for Rent in Gulshan near EBL,/en/property/details-1902278.html,100000.0
"2,500 sqft",3,3,Apartment,Dhaka,Gulshan,Gulshan 1,Flat for rent in Gulshan 1 near Gulshan 1 DCC market,/en/property/details-1901847.html,180000.0
"3,950 sqft",4,4,Apartment,Dhaka,Gulshan,Gulshan 1,Flat for rent in Gulshan 1 near Gulshan 1 DCC market,/en/property/details-1901381.html,170000.0
"2,600 sqft",3,3,Apartment,Dhaka,Gulshan,Gulshan 1,2600 SQ Ft apartment for Rent is located on Gulshan 1 near to Jamuna Bank Limited,/en/property/details-1898323.html,60000.0
"2,000 sqft",3,3,Apartment,Dhaka,Gulshan,Gulshan 2,"Well Built And Properly Designed Residential Flat Of 2000 Sq Ft In Gulshan For Rent, Near Pink City",/en/property/details-1751671.html,80000.0
"2,250 sqft",3,3,Apartment,Dhaka,Gulshan,Gulshan 2,2250 Sq Ft Flat For Rent In Gulshan 2 Near Azad Mosque,/en/property/details-1896679.html,80000.0
"2,430 sqft",4,3,Apartment,Dhaka,Gulshan,Gulshan 1,"Amazing Apartment Up For Rent At Gulshan-1, Nearby Korean International Club",/en/property/details-1895492.html,80000.0
"2,100 sqft",3,3,Apartment,Dhaka,Gulshan,Gulshan 1,"2100 Sq. Ft. apartment for rent is located at Gulshan 1, near to Tusi Medicine Corner",/en/property/details-1887941.html,50000.0
"3,000 sqft",4,4,Apartment,Dhaka,Gulshan,Gulshan 1,Flat near Gulshan Jame Masjid for Rent in Gulshan,/en/property/details-1887082.html,80000.0
"2,700 sqft",3,4,Apartment,Dhaka,Gulshan,Gulshan 1,2700 Sq Ft Flat For Rent In Gulshan 1 Near Gulshan 1 Dcc Market,/en/property/details-1885388.html,75000.0
"1,700 sqft",3,3,Apartment,Dhaka,Gulshan,Gulshan 1,1700 SQ FT flat for Rent in Gulshan near City Bank,/en/property/details-1872718.html,60000.0
"4,000 sqft",4,4,Apartment,Dhaka,Gulshan,Gulshan 1,Visit this apartment for rent covering an area in Gulshan 1 near Standard Chartered Bank,/en/property/details-1869971.html,140000.0
"1,500 sqft",3,3,Apartment,Dhaka,Gulshan,Gulshan 1,"1500 Sq Ft Flat For Rent In Gulshan 1, Near Dhaka Bank Limited",/en/property/details-1869936.html,53000.0
"2,000 sqft",3,3,Apartment,Dhaka,Gulshan,Gulshan 2,"2000 Sq. Ft. apartment for rent is located at Gulshan 2, near to Aurora International School",/en/property/details-1869166.html,75000.0
"2,200 sqft",3,3,Apartment,Dhaka,Gulshan,Gulshan 2,Visit This Flat For Rent Covering An Area Of 2200 Sq Ft In Gulshan 2 Nearby Aurora International School,/en/property/details-1866978.html,80000.0
"3,050 sqft",4,5,Apartment,Dhaka,Gulshan,Gulshan 1,3050 SQ FT flat in Gulshan 1 is for rent near Gulshan 1 DCC Market,/en/property/details-1864823.html,100000.0
"2,500 sqft",3,3,Apartment,Dhaka,Gulshan,Gulshan 2,"Available in Gulshan, is a 2500 SQ FT apartment for rent, near Gulshan 2 DCC market",/en/property/details-1859521.html,60000.0
"2,400 sqft",3,3,Apartment,Dhaka,Gulshan,Gulshan 1,2400 Sq Ft Flat Is Now Available To Rent Nearby Bank Alfalah In Gulshan,/en/property/details-1857466.html,120000.0
"2,600 sqft",4,4,Apartment,Dhaka,Gulshan,Gulshan 2,Visit This Apartment For Rent In Gulshan 2 Near Uttara Bank Limited,/en/property/details-1856982.html,70000.0
"2,850 sqft",4,4,Apartment,Dhaka,Gulshan,Gulshan 2,Get Comfortable In A 2850 Sq Ft Flat For Rent In Gulshan 2 Nearby Scholastica School Gulshan,/en/property/details-1855091.html,90000.0
"2,583 sqft",3,3,Apartment,Dhaka,Gulshan,Gulshan 2,At Gulshan flat for Rent close to EBL,/en/property/details-1854638.html,90000.0
"3,000 sqft",4,4,Apartment,Dhaka,Gulshan,Gulshan 2,A Must See 3000 Sq Ft Apartment For Rent Is All Set For You In Gulshan 2 Near Gulshan Central Mosjid,/en/property/details-1854157.html,100000.0
"2,224 sqft",3,3,Apartment,Dhaka,Gulshan,Gulshan 2,Offering You a 2224 Sq Ft Flat For Rent In Gulshan 2 Near Gulshan Central Mosjid,/en/property/details-1838418.html,70000.0
"3,200 sqft",3,3,Apartment,Dhaka,Gulshan,Gulshan 2,"3200 SQ Ft apartment is ready for rent at Gulshan, near United Hospital Limited",/en/property/details-1852392.html,100000.0
"3,700 sqft",3,3,Apartment,Dhaka,Gulshan,Gulshan 2,"At Gulshan 2, 3700 Sq Ft 3-bedroom Nice Flat Up For Rent Near Poland Embassy",/en/property/details-1850660.html,300000.0
"2,000 sqft",3,3,Apartment,Dhaka,Gulshan,Gulshan 2,For rent covering an area of 2000 sq ft in gulshan 2 nearby wateraid bangladesh,/en/property/details-1848828.html,65000.0
"1,800 sqft",3,3,Apartment,Dhaka,Gulshan,Gulshan 2,1800 SQ. FT. apartment located on Gulshan near to Canadian Trillinium School is waiting for you to make it home!,/en/property/details-1843685.html,100000.0
"2,250 sqft",3,4,Apartment,Dhaka,Gulshan,Gulshan 1,Flat Near Gulshan Post Office For Rent In Gulshan,/en/property/details-1842682.html,60000.0
"2,500 sqft",4,4,Apartment,Dhaka,Gulshan,Gulshan 2,Obtain Your New Residence At This 2500 Sq Ft Apartment Up For Rent At Gulshan 2 Nearby Shahabuddin Medical College And Hospital,/en/property/details-1840628.html,75000.0
"2,400 sqft",3,3,Apartment,Dhaka,Gulshan,Gulshan 2,"Reside Conveniently In This Well Constructed 3 Bedrooms Flat For Rent In Gulshan 2, Near Plan International Bangladesh",/en/property/details-1837923.html,115000.0
"1,850 sqft",3,3,Apartment,Dhaka,Gulshan,Gulshan 1,"Close To ENT Care Center, An Apartment Of 1850 Sq Ft For Rent Is Available In Gulshan 1.",/en/property/details-1833632.html,55000.0
"1,800 sqft",3,3,Apartment,Dhaka,Gulshan,Gulshan 2,"Close to Embassy of the Russian Federation in the People's Republic of Bangladesh, a 1800 SQ FT apartment is available for rent in Gulshan",/en/property/details-1832045.html,50000.0
"2,500 sqft",3,3,Apartment,Dhaka,Gulshan,Gulshan 2,"Reside Conveniently In This Well Constructed 3 Bedrooms Flat For Rent In Gulshan 2, Near High Commission Of Sri Lanka",/en/property/details-1832050.html,100000.0
"2,000 sqft",3,3,Apartment,Dhaka,Gulshan,Gulshan 2,A nice residential flat of 2000 SQ FT for rent can be found in Gulshan 2 nearby Embassy of North Korea,/en/property/details-1808042.html,70000.0
"1,952 sqft",3,3,Apartment,Dhaka,Gulshan,Gulshan 2,"Create your home in a 1952 SQ FT flat for rent in Gulshan 2, near Manarat International University",/en/property/details-1807793.html,50000.0
"3,000 sqft",3,4,Apartment,Dhaka,Gulshan,Gulshan 2,A rightly planned 3000 SQ FT flat is found for rent in Gulshan 2 nearby Rina Latif's Boutique,/en/property/details-1807211.html,200000.0
"2,200 sqft",3,3,Apartment,Dhaka,Gulshan,Gulshan 2,A 2200 Sq Ft Nice And Comfortable Flat Is Up For Rent In Gulshan Near To United Hospital Limited,/en/property/details-1806787.html,60000.0
"5,800 sqft",5,5,Apartment,Dhaka,Gulshan,Gulshan 1,In Gulshan 5800 SQ FT flat is available for Rent which is now close to Gulshan Shopping Center,/en/property/details-1806407.html,260000.0
"6,000 sqft",6,6,Apartment,Dhaka,Gulshan,Gulshan 1,A Nice Residential Flat Of 6000 Sq Ft For Rent Can Be Found In Gulshan 1 Nearby Dpdc Ict Head Office,/en/property/details-1806403.html,200000.0
"2,000 sqft",3,3,Apartment,Dhaka,Gulshan,Gulshan 2,"Move in and inhabit this 2000 SQ FT properly constructed flat for rent in Gulshan 2, near Gulshan 2 DCC Market",/en/property/details-1804278.html,90000.0
"2,600 sqft",3,3,Apartment,Dhaka,Gulshan,Gulshan 2,"Move In And Inhabit This 2600 Sq Ft Properly Constructed Flat For Rent In Gulshan 2, Near Gulshan Central Mosjid",/en/property/details-1798065.html,70000.0
"4,500 sqft",4,4,Apartment,Dhaka,Gulshan,Gulshan 2,"We Have This Wonderful Apartment Covering 4500 Sq Ft In Total That You Have Been Looking For, This Flat For Rent Is Located In Gulshan 2 Near To Club Notredamians Bangladesh Limited",/en/property/details-1797145.html,210000.0
"1,650 sqft",3,3,Apartment,Dhaka,Gulshan,Gulshan 1,"In Gulshan 1 near to Children and Women Park, a 1650 SQ FT beautiful apartment is ready for rent.",/en/property/details-1796966.html,50000.0
"2,500 sqft",3,3,Apartment,Dhaka,Gulshan,Gulshan 1,"Looking For Convenience? Well, Look No Further As We Have This 2500 Sq Ft Ready Flat For Rent At Gulshan 1 Nearby Nrb Global Bank Limited.",/en/property/details-1796705.html,75000.0
"2,500 sqft",3,3,Apartment,Dhaka,Gulshan,Gulshan 2,"A Noteworthy Flat Up For Rent In Gulshan Central Masjid, Of 2500 Sq Ft Is Available And Open For New Tenants To Move In",/en/property/details-1776437.html,100000.0
"2,500 sqft",4,4,Apartment,Dhaka,Gulshan,Gulshan 2,"Get comfortable in a 2500 SQ FT flat for rent in Gulshan 2, near Gulshan Central Masjid",/en/property/details-1776436.html,120000.0
"2,720 sqft",3,3,Apartment,Dhaka,Gulshan,Gulshan 1,Beautiful And Well-constructed 2720 Sq Ft Apartment Is Ready For Rent At Gulshan 1 Nearby Sea Breeze International School,/en/property/details-1781433.html,80000.0
"2,600 sqft",4,4,Apartment,Dhaka,Gulshan,Gulshan 2,"Start residing in this 2600 SQ FT, properly developed flat for Rent, in Gulshan 2, near Pink City Shopping Mall",/en/property/details-1778441.html,100000.0
"4,500 sqft",4,5,Apartment,Dhaka,Gulshan,Gulshan 2,4500 Sq Ft Apartment For Rent In Gulshan 2,/en/property/details-1778405.html,215000.0
"2,850 sqft",4,4,Apartment,Dhaka,Gulshan,Gulshan 2,"Well built and properly designed residential flat of 2850 SQ FT in Gulshan 2 for rent, near Islami Bank Bangladesh Limited ATM",/en/property/details-1764553.html,140000.0
"1,850 sqft",2,2,Apartment,Dhaka,Gulshan,Gulshan 2,"Start A New Home, In This 1850 Sq Ft Flat For Rent In Gulshan 2, Near Mutual Trust Bank Limited",/en/property/details-1764547.html,75000.0
"2,400 sqft",4,3,Apartment,Dhaka,Gulshan,Gulshan 1,Offering You A Very Spacious 2400 Sq Ft Flat For Rent In Gulshan Near To Niketan Park,/en/property/details-1757239.html,100000.0
"1,550 sqft",3,4,Apartment,Dhaka,Gulshan,Gulshan 1,A luxurious 1550 SQ FT flat is up for rent in Gulshan near Chatogram Grammar School,/en/property/details-1755421.html,60000.0
"2,200 sqft",3,3,Apartment,Dhaka,Gulshan,Gulshan 1,A 2200 Sq Ft Very Affordable Flat With Good Transportation Availability Is For Rent Close To Police Plaza At Gulshan,/en/property/details-1753199.html,75000.0
"4,700 sqft",6,5,Apartment,Dhaka,Gulshan,Gulshan 2,We Are Offering You A Very Spacious 4700 Sq Ft Flat For Rent In Gulshan Near To United Hospital,/en/property/details-1752697.html,250000.0
"1,800 sqft",3,3,Apartment,Dhaka,Gulshan,Gulshan 2,1800 SQ FT fine flat is now for rent which is in Gulshan near to Gulshan Shopping Complex,/en/property/details-1752616.html,90000.0
"2,800 sqft",4,4,Apartment,Dhaka,Gulshan,Gulshan 1,A Luxurious Brand New 2800 Sq Ft Flat Is Up For Rent In Gulshan Near Cambrian College,/en/property/details-1735390.html,100000.0
"1,800 sqft",3,3,Apartment,Dhaka,Gulshan,Gulshan 2,A worthy 1800 SQ FT residential apartment is ready for rent at Gulshan area close to BAF Shaheen College,/en/property/details-1733309.html,60000.0
"3,300 sqft",3,4,Apartment,Dhaka,Gulshan,Gulshan 2,Check This Fine Looking Flat Of 3300 Sq Ft Offered For Rent Nearby Banani Society Mosque At Gulshan,/en/property/details-1732973.html,120000.0
"2,000 sqft",3,3,Apartment,Dhaka,Gulshan,Gulshan 2,"Reside at ease, in this 2000 SQ FT flat for rent in Gulshan 2, near The City Bank Limited",/en/property/details-1732543.html,100000.0
"2,000 sqft",3,3,Apartment,Dhaka,Gulshan,Gulshan 2,"Comfortable, convenient and well constructed 2000 SQ FT flat is ready for rent at Gulshan 2 very close to High Comission of Sri Lanka-Dhaka",/en/property/details-1731169.html,70000.0
"2,500 sqft",3,3,Apartment,Dhaka,Gulshan,Gulshan 2,Get a comfortable 2500 SQ FT flat ready for rent at Gulshan 2 near Banani Society Mosque,/en/property/details-1731152.html,140000.0
"2,300 sqft",3,3,Apartment,Dhaka,Gulshan,Gulshan 2,Start living in this awesome full furnished flat of 2300 SQ FT located at Gulshan 2 unoccupied for rent that is close to Singapore International School,/en/property/details-1728392.html,80000.0
"2,650 sqft",4,4,Apartment,Dhaka,Gulshan,Gulshan 2,"If You Are Planning To Move In A Suitable Place, This 2650 Sq Ft Flat Available For Rent At Gulshan 2 Is Appropriate For You Which Is Close To Manarat International University",/en/property/details-1728385.html,120000.0
"5,100 sqft",4,4,Apartment,Dhaka,Gulshan,Gulshan 1,"Start A New Home, In This 2100 Sq Ft Apartment For Rent In Gulshan, Near Government Titumir College",/en/property/details-1721658.html,180000.0
"3,200 sqft",5,5,Apartment,Dhaka,Gulshan,Gulshan 2,Sophisticated 3200 Sq Ft Flat Is Available For Rent In Gulshan 2 Close To Manarat International University,/en/property/details-1721304.html,150000.0
"3,800 sqft",3,4,Apartment,Dhaka,Gulshan,Gulshan 2,"Well Developed Residence Up For Rent In Gulshan 2 Near American International School Dhaka, Of 3850 Sq Ft",/en/property/details-1714471.html,250000.0
"2,000 sqft",3,3,Apartment,Dhaka,Gulshan,Gulshan 1,"Make this 2000 SQ FT flat for rent, your residing location, in Gulshan near National Institute of Diseases",/en/property/details-1711208.html,50000.0
"3,000 sqft",4,4,Apartment,Dhaka,Gulshan,Gulshan 2,"Choose your destination, 3000 SQ FT full furnished flat which is available for rent in Gulshan near to Grameenphone Center",/en/property/details-1707968.html,110000.0
"2,500 sqft",3,3,Apartment,Dhaka,Gulshan,Gulshan 2,Take a look to a residential apartment built in the hub of Gulshan 2 having impressive 2500 SQ FT space for rent near to Pink City,/en/property/details-1705462.html,100000.0
"2,300 sqft",3,3,Apartment,Dhaka,Gulshan,Gulshan 2,A Worthy 2300 Sq Ft Residential Apartment Is Ready For Rent At Gulshan Area Close To Banani Graveyard,/en/property/details-1700897.html,110000.0
"3,000 sqft",3,3,Apartment,Dhaka,Gulshan,Gulshan 2,"You can move into this well planned and comfortable Residential flat in Gulshan for rent, of 3000 SQ FT, near Gulshan Model School &amp; College",/en/property/details-1697630.html,140000.0
"2,100 sqft",3,3,Apartment,Dhaka,Gulshan,Gulshan 2,"Find Your Home In A 2100 Sq Ft Apartment For Rent, In Gulshan, Near Gulshan Central Masjid",/en/property/details-1694883.html,70000.0
